{"cameraMode":{"drawMode":0,"name":"Shaded","section":"Shading Mode"},"sceneLighting":true,"audioPlay":false,"sceneViewState":{"showFog":true,"showMaterialUpdate":false,"showSkybox":true,"showFlares":true,"showImageEffects":true,"showParticleSystems":true},"in2DMode":false,"pivot":{"x":21.030391693115236,"y":3.0786001682281496,"z":-12.204296112060547},"rotation":{"x":0.061268728226423267,"y":-0.45749136805534365,"z":0.03161684423685074,"w":0.8865399360656738},"size":5.481421947479248,"orthographic":true}